序号,歌名,专辑,时长,链接
1,勘ぐれい (灰心感),勘ぐれい,4:09,https://y.qq.com/n/ryqq/songDetail/004DJquR0JNjQ0
2,夜宴风波,夜宴风波,3:24,https://y.qq.com/n/ryqq/songDetail/000cWQlW4F7fzD
3,色は匂へど 散りぬるを (花朵艳丽 终会散落) (Full Version),色は匂へど 散りぬるを (花朵艳丽 终会散落),3:41,https://y.qq.com/n/ryqq/songDetail/000Fw3Br3MXZil
4,打火机,打火机,2:33,https://y.qq.com/n/ryqq/songDetail/001LGsOJ2hQjG0
5,A Little Story (小故事),My View,3:24,https://y.qq.com/n/ryqq/songDetail/001hdT872SO92E
6,After Rain,After Dark,4:52,https://y.qq.com/n/ryqq/songDetail/0030BkT2102XZ0
7,After The Wind,Wind Says（风说）,4:36,https://y.qq.com/n/ryqq/songDetail/004X2pdo2IFJWw
8,again (TV Version),鋼の錬金術師 FULLMETAL ALCHEMIST Original Soundtrack 1,1:39,https://y.qq.com/n/ryqq/songDetail/000AKIfC11cs8y
9,爱错,心中的日月,3:58,https://y.qq.com/n/ryqq/songDetail/004fneUm24gD2c
10,爱的魔法,他不爱我,3:11,https://y.qq.com/n/ryqq/songDetail/003QrvzS3248Wi
11,爱就一个字,我好想,4:32,https://y.qq.com/n/ryqq/songDetail/004MVmia0q98lZ
12,爱你 (就这样爱你爱你爱你随时都要一起),爱你 (就这样爱你爱你爱你随时都要一起),3:26,https://y.qq.com/n/ryqq/songDetail/004dFTat1LSo75
13,爱你的最后一天,如果没有你,3:52,https://y.qq.com/n/ryqq/songDetail/002RYe5R3D4GPs
14,爱情码头,包容,5:00,https://y.qq.com/n/ryqq/songDetail/001FOt7p33gCRq
15,爱死了昨天,爱死了,4:26,https://y.qq.com/n/ryqq/songDetail/003yyRaZ1LANRA
16,爱丫爱丫,16未成年,3:51,https://y.qq.com/n/ryqq/songDetail/0012Nn9M4Cj5Kk
17,爱在西元前,范特西,3:54,https://y.qq.com/n/ryqq/songDetail/002usg9o4GTAKf
18,Alchemy,Crow Song,4:16,https://y.qq.com/n/ryqq/songDetail/004RdEjU2rg42F
19,aLIEz,A/Z|aLIEz,4:28,https://y.qq.com/n/ryqq/songDetail/000vPA4Z1O5Dl3
20,Already Know,Love // Chaos (Explicit),3:50,https://y.qq.com/n/ryqq/songDetail/0034WkSw19Of2Q
21,Amazing Trees,2V-Alk,4:46,https://y.qq.com/n/ryqq/songDetail/000RV0MW1W9qO8
22,安和桥,安和桥 (Cover),4:08,https://y.qq.com/n/ryqq/songDetail/003bNwHG3BnsYj
23,安和桥,安和桥北,4:11,https://y.qq.com/n/ryqq/songDetail/001fpbwS2TUTjV
24,Anytime Anywhere,Anytime Anywhere,3:50,https://y.qq.com/n/ryqq/songDetail/000rIL8M0OBbUD
25,Aphrodite (阿芙罗狄蒂),SAILING NHK特集「海のシルクロード」ベストアルバム (SAILING~The Silk Road of The Sea),3:58,https://y.qq.com/n/ryqq/songDetail/001eRTJ54AVPs9
26,Apologize,Shock Value,3:04,https://y.qq.com/n/ryqq/songDetail/003goMP61RK1mV
27,APT.,APT.,2:49,https://y.qq.com/n/ryqq/songDetail/000zR7cv2QHXks
28,Avid,Avid / Hands Up to the Sky,4:10,https://y.qq.com/n/ryqq/songDetail/003FIQ9i2cgo5Q
29,把悲伤留在山上,把悲伤留在山上,3:36,https://y.qq.com/n/ryqq/songDetail/001GFbEj1e7WzU
30,白石溪,白石溪,5:31,https://y.qq.com/n/ryqq/songDetail/004fNEuf2Pncrq
31,絆 (羁绊),Rhythm of My Heart,4:30,https://y.qq.com/n/ryqq/songDetail/004dipJ33HAegd
32,剥离之茧,剥离之茧,3:30,https://y.qq.com/n/ryqq/songDetail/000Ur8OF4TLugF
33,包容,包容,4:23,https://y.qq.com/n/ryqq/songDetail/003Pz4dV4fcOjL
34,Beautiful Soul,Beautiful Soul,3:34,https://y.qq.com/n/ryqq/songDetail/001O7ON30A0Fpu
35,Because of You,Breakaway (Limited Edition),3:39,https://y.qq.com/n/ryqq/songDetail/0023F44C3hf4yF
36,Because You Live,Beautiful Soul,3:19,https://y.qq.com/n/ryqq/songDetail/00407vok4HZfeT
37,Before dawn,"TVアニメ「灰と幻想のグリムガル」CD-BOX2 『Grimgar, Ashes and Illusions ""ENCORE""』",3:40,https://y.qq.com/n/ryqq/songDetail/002YxK4y2qdY3f
38,Behind These Hazel Eyes,Breakaway (Limited Edition),3:18,https://y.qq.com/n/ryqq/songDetail/002m6Rak1mrenG
39,被爱的人不会晚睡,被爱的人不会晚睡,2:39,https://y.qq.com/n/ryqq/songDetail/003SSePW13ACZ8
40,本当だよ (是真的),本当だよ,3:33,https://y.qq.com/n/ryqq/songDetail/000nq3fu22yclG
41,奔跑,爱情诺曼底,3:13,https://y.qq.com/n/ryqq/songDetail/001B6Z2d1y7hmh
42,Best of my Love,Best of my Love(期間生産限定アニメ盤),5:45,https://y.qq.com/n/ryqq/songDetail/004FDKen0PVtjI
43,彼岸花开 (治愈版),彼岸花开（治愈纯音）,3:01,https://y.qq.com/n/ryqq/songDetail/004QzHvz26j5aL
44,别叫我达芬奇,Lil Ghost 2.0,4:05,https://y.qq.com/n/ryqq/songDetail/002d01GE06HVkZ
45,笔墨登场,失业情歌,4:25,https://y.qq.com/n/ryqq/songDetail/002XnL7D4SP3zQ
46,碧き雫 Aoki Shizuku (碧色之滴),英雄伝説 碧の軌跡 オリジナル・サウンドトラック,2:05,https://y.qq.com/n/ryqq/songDetail/001UbWiz3w4haq
47,Black Bird,Black Bird / Tiny Dancers /思い出は奇麗で,3:49,https://y.qq.com/n/ryqq/songDetail/000l7Dsw0mcTYe
48,bliss,Anytime Anywhere,4:19,https://y.qq.com/n/ryqq/songDetail/00139Hzx3LUkKN
49,Bloom of Youth (风华正茂),クドわふたー オリジナル サウンドトラック,2:28,https://y.qq.com/n/ryqq/songDetail/002wTCB845Pd70
50,Boom Clap,Boom Clap,2:49,https://y.qq.com/n/ryqq/songDetail/004eNpuy2fbaOI
51,Booty Music,Git Fresh,3:01,https://y.qq.com/n/ryqq/songDetail/001gip3A1SpQc2
52,Brave Shine (勇气之光),Brave Shine (期間生産限定アニメ盤) (勇敢之光),3:53,https://y.qq.com/n/ryqq/songDetail/0003nHmF1prMEQ
53,Brave Song,"My Soul, Your Beats!/Brave Song",5:25,https://y.qq.com/n/ryqq/songDetail/000L5FVi1L21lN
54,BRE@TH//LESS,アルドノア・ゼロ オリジナル・サウンドトラック (ALDNOAH.ZERO 动画原声带),4:03,https://y.qq.com/n/ryqq/songDetail/000JRSeG3VjZFk
55,Break Up In A Small Town,Montevallo,3:49,https://y.qq.com/n/ryqq/songDetail/001G9L0g4XBfPN
56,Breakaway,Let Go (20th Anniversary Edition),3:43,https://y.qq.com/n/ryqq/songDetail/004MPZJr17G84m
57,不唱骊歌,好好先生,3:56,https://y.qq.com/n/ryqq/songDetail/002kzjVI1eelV0
58,不分手的恋爱,好安静,3:25,https://y.qq.com/n/ryqq/songDetail/000wkTbk3kaHCk
59,不良,不良少年,3:38,https://y.qq.com/n/ryqq/songDetail/004W14so0h56jm
60,不怕,不怕,2:32,https://y.qq.com/n/ryqq/songDetail/001COK2T0cg6EP
61,不是对手,绝对痴心·手放开,4:38,https://y.qq.com/n/ryqq/songDetail/002IFgmw3TRDA9
62,不想让你走,不想让你走,3:13,https://y.qq.com/n/ryqq/songDetail/0011TNfJ4R82Hf
63,不许于这旅途嬉戏,不许于这旅途嬉戏,4:07,https://y.qq.com/n/ryqq/songDetail/003RvFhp3WydXK
64,Bye Bye,E=MC²,4:26,https://y.qq.com/n/ryqq/songDetail/003pjjxm0nTkIo
65,彩虹的微笑,微笑Pasta 电视剧原声带,2:50,https://y.qq.com/n/ryqq/songDetail/004dxdu83zPAzh
66,California Wild,Brittany Underwood EP,3:12,https://y.qq.com/n/ryqq/songDetail/004PnJwj18bWLv
67,Call of Silence,TVアニメ「進撃の巨人」Season 2 オリジナルサウンドトラック 音楽:澤野弘之 (进击的巨人 第二季 动画原声带),2:58,https://y.qq.com/n/ryqq/songDetail/001W4LsO0FHzS6
68,Call of Silence,"Attack on Titan: Epic Collection, Vol. 4 (Cover)",4:28,https://y.qq.com/n/ryqq/songDetail/002HR4ge4fT9O7
69,Call on me (feat. Ed Sheeran),Call on me (feat. Ed Sheeran),3:20,https://y.qq.com/n/ryqq/songDetail/0025k18Q1ZlOsb
70,Call your name <Gv>,「進撃の巨人」Season3 オリジナル・サウンドトラック (进击的巨人第三季 动画原声带),4:19,https://y.qq.com/n/ryqq/songDetail/002IsYoV4f9a3g
71,沧海飞尘,山色有无中,3:45,https://y.qq.com/n/ryqq/songDetail/003JzYFq2Jyitj
72,曹操,曹操,4:02,https://y.qq.com/n/ryqq/songDetail/0003y8uR1ZZwOI
73,Castaway,Sounds Good Feels Good (Deluxe),3:34,https://y.qq.com/n/ryqq/songDetail/000f92e41rivc1
74,侧脸,侧脸,3:37,https://y.qq.com/n/ryqq/songDetail/003WjRGk1b3FPN
75,茶树花开,茶树花开,3:51,https://y.qq.com/n/ryqq/songDetail/003pDIRW0388Fb
76,尘埃,尘埃,4:43,https://y.qq.com/n/ryqq/songDetail/0004aH0t2zpYJ5
77,成都,成都,5:28,https://y.qq.com/n/ryqq/songDetail/003TLWoN0gQnP5
78,城南花已开,城南花已开,4:31,https://y.qq.com/n/ryqq/songDetail/0016hfoy28wyTn
79,炽吻,炽吻,3:05,https://y.qq.com/n/ryqq/songDetail/00400OWx00GTgC
80,穿越人海,听！我们的歌,4:22,https://y.qq.com/n/ryqq/songDetail/002nJaEg3QZSNx
81,楚留香《不染》,楚留香《不染》,3:56,https://y.qq.com/n/ryqq/songDetail/002jEFgo23JGOQ
82,春泥,哈林天堂,4:16,https://y.qq.com/n/ryqq/songDetail/004IFKfx2ol4LU
83,春日影 (MyGO!!!!! ver.),迷迹波,4:16,https://y.qq.com/n/ryqq/songDetail/004Fy3wu3A1gHG
84,春三月,春三月,3:44,https://y.qq.com/n/ryqq/songDetail/004Zx0cr3ZQrkK
85,触れていたいだけ (feat. 月),触れていたいだけ (feat. 月),3:11,https://y.qq.com/n/ryqq/songDetail/002YVus91tpCBE
86,Circle of Karma,Circle of Karma,4:24,https://y.qq.com/n/ryqq/songDetail/002torGk03QCKD
87,此生不换,仙剑奇侠传三 电视剧原声带,4:25,https://y.qq.com/n/ryqq/songDetail/003hj8yv0e6SW8
88,Cocoon,トライアングル オリジナル・サウンドトラック,4:43,https://y.qq.com/n/ryqq/songDetail/002f6xVN32K5en
89,Color Blind,LOVE AND WAR,3:32,https://y.qq.com/n/ryqq/songDetail/001mDkkA2cAFP4
90,Contact,Contact,2:21,https://y.qq.com/n/ryqq/songDetail/000tXOwv3ro8Kh
91,Crazy Kids,Warrior (Deluxe Version),3:50,https://y.qq.com/n/ryqq/songDetail/0002BEbT22bd6P
92,Crow Song,Crow Song,4:06,https://y.qq.com/n/ryqq/songDetail/0001YijR2TdJF9
93,璀璨冒险人,璀璨冒险人,4:33,https://y.qq.com/n/ryqq/songDetail/000zmMlz1J0bsy
94,错误的相遇 (普通话版),我的野蛮千金 电视剧原声带,4:12,https://y.qq.com/n/ryqq/songDetail/000y0s2U1UQpza
95,盗将行,粥请客 (二),3:18,https://y.qq.com/n/ryqq/songDetail/000PghTZ1AgWfU
96,盗墓笔记·十年人间,盗墓笔记·十年人间,4:37,https://y.qq.com/n/ryqq/songDetail/003KdkFG3Zuqsy
97,稻香,魔杰座,3:43,https://y.qq.com/n/ryqq/songDetail/003aAYrm3GE0Ac
98,打上花火,打上花火 (初回限定盤),4:49,https://y.qq.com/n/ryqq/songDetail/001UiydT2NNPir
99,大约在冬季,燃烧爱情 (狼之旅),3:54,https://y.qq.com/n/ryqq/songDetail/002rM0CG1GLZeM
100,Dear my future,夏めきペイン,4:04,https://y.qq.com/n/ryqq/songDetail/0036l7SS24bqSe
101,得不到的温柔,登陆计划,3:47,https://y.qq.com/n/ryqq/songDetail/000sSmQZ3HMeQF
102,得到你的人却得不到你的心,得到你的人却得不到你的心,4:20,https://y.qq.com/n/ryqq/songDetail/002PPVe038LnTv
103,等,擦肩而过,3:51,https://y.qq.com/n/ryqq/songDetail/003EBmu94Z5Nii
104,等风吹,等风吹,2:50,https://y.qq.com/n/ryqq/songDetail/000kCb684b4CBm
105,等一分钟,茉莉花开,3:56,https://y.qq.com/n/ryqq/songDetail/002CQ7e82p2SCl
106,第57次取消发送,第57次取消发送,3:00,https://y.qq.com/n/ryqq/songDetail/001P6YOB0eXLlj
107,电台情歌,滚石香港黄金十年 莫文蔚精选,4:08,https://y.qq.com/n/ryqq/songDetail/000lzyD33Om1kr
108,点一把火炬,JJ陆,4:13,https://y.qq.com/n/ryqq/songDetail/0017mjTW03a3IN
109,帝都,帝都,3:03,https://y.qq.com/n/ryqq/songDetail/000bALrT4czR7k
110,跌落尘埃,跌落尘埃（Falling Ashes）,3:39,https://y.qq.com/n/ryqq/songDetail/0030OAVL3xylcC
111,丁达尔效应,丁达尔效应,2:57,https://y.qq.com/n/ryqq/songDetail/000CcVbe1BAxid
112,disintegrate,Hits You Haven’t Heard Vol. 1,3:10,https://y.qq.com/n/ryqq/songDetail/000apS0E3jg0ei
113,Distortion!! (失真),Distortion!!,3:23,https://y.qq.com/n/ryqq/songDetail/004PPqpN4SIVOe
114,"Don't say ""lazy""",Don't say lazy,4:23,https://y.qq.com/n/ryqq/songDetail/001qrnDh07g133
115,東方萃夢想,ピアノのための東方夜想曲集「Dream」,5:38,https://y.qq.com/n/ryqq/songDetail/000Je21U3FS3aX
116,冻结,最近还好么,3:38,https://y.qq.com/n/ryqq/songDetail/000uT7z22VU0oS
117,东京不太热,封茗囧菌翻唱合辑,3:44,https://y.qq.com/n/ryqq/songDetail/003vEiDN3Pxu7W
118,Don’t Say Lazy,Unity,4:20,https://y.qq.com/n/ryqq/songDetail/004L9rc61XZwaI
119,兜兜转转还是成为陌生人,兜兜转转还是成为陌生人,3:13,https://y.qq.com/n/ryqq/songDetail/000OF7EY1udIe2
120,Down For Life,What's That Sound,3:36,https://y.qq.com/n/ryqq/songDetail/003N5w1q1AwvUm
121,Dragonflame,Dragonflame,3:18,https://y.qq.com/n/ryqq/songDetail/004WZe3310ezJD
122,Dream of you,EDEN,2:26,https://y.qq.com/n/ryqq/songDetail/004Yi5Hu0gON5x
123,Dreamland,Dreamland 理想世界,3:35,https://y.qq.com/n/ryqq/songDetail/0026bSYh11Gyp5
124,Droemmepige,Droemmepige,4:02,https://y.qq.com/n/ryqq/songDetail/000m2Vqh1pikip
125,段奥娟《凡人》,时光印记,4:25,https://y.qq.com/n/ryqq/songDetail/003AfQ0u10946Y
126,独角,独角,3:01,https://y.qq.com/n/ryqq/songDetail/003PPY0o30AdQU
127,e of s,e of s,3:50,https://y.qq.com/n/ryqq/songDetail/000I2frn3uHUbo
128,Endlessly,Symphony Soldier,3:57,https://y.qq.com/n/ryqq/songDetail/003BwpYq0Dg94Y
129,Everybody Hurts,Goodbye Lullaby (Deluxe Edition),3:41,https://y.qq.com/n/ryqq/songDetail/003S9TT02brRIT
130,Everybody Needs a Song,Everybody Needs a Song,3:03,https://y.qq.com/n/ryqq/songDetail/002Nn7ul4OzZzu
131,Exist,1,3:51,https://y.qq.com/n/ryqq/songDetail/001lGv6p11UxtP
132,Fake Love (Orchestral Version),DD Ceremony,4:02,https://y.qq.com/n/ryqq/songDetail/002rjT8a0wRluQ
133,FallinFlower (治愈版),伴你入眠（9）,2:03,https://y.qq.com/n/ryqq/songDetail/003SMGZZ3gEdzA
134,芳华慢,芳华慢,3:29,https://y.qq.com/n/ryqq/songDetail/004Pf1Nt4BLyfN
135,放开手,放开手,3:17,https://y.qq.com/n/ryqq/songDetail/001ko1Vs2AQgkq
136,Fantasy,Fantasy,3:35,https://y.qq.com/n/ryqq/songDetail/001Kmsgs1G55wq
137,Far Away from Home,Covergirl,4:21,https://y.qq.com/n/ryqq/songDetail/003wOev04RJELP
138,飞云之下,飞云之下,4:26,https://y.qq.com/n/ryqq/songDetail/000fVqPH1RjwS3
139,风经过，唱离合,风经过，唱离合,2:56,https://y.qq.com/n/ryqq/songDetail/000zR5Rx3E3TbK
140,蜂鸟,我在北京等你 电视剧原声带,3:45,https://y.qq.com/n/ryqq/songDetail/004WVheh08as6e
141,枫叶城,枫叶城,4:10,https://y.qq.com/n/ryqq/songDetail/002aE7l90vlHPX
142,風の住む街 (风居住的街道),風の住む街 (风居住的街道),4:45,https://y.qq.com/n/ryqq/songDetail/0042Tdcw39bA3f
143,Flow,Flow,3:13,https://y.qq.com/n/ryqq/songDetail/002WP8s233sYL5
144,Fortnight,THE TORTURED POETS DEPARTMENT (Explicit),3:48,https://y.qq.com/n/ryqq/songDetail/0031h9zO4WH5Fn
145,Free Fall,Free Fall,3:10,https://y.qq.com/n/ryqq/songDetail/002bhPDm24zfcv
146,Free Loop,Daniel Powter,3:52,https://y.qq.com/n/ryqq/songDetail/003hxfWx21PwlJ
147,改变自己,改变自己,3:14,https://y.qq.com/n/ryqq/songDetail/002h62C40NbkWI
148,该死的温柔,宇光十色,3:44,https://y.qq.com/n/ryqq/songDetail/000TIBdC0xuRPc
149,感谢你曾来过,卧龙与酒,4:10,https://y.qq.com/n/ryqq/songDetail/0042xeq137FRKW
150,赶着回家的人,赶着回家的人,3:22,https://y.qq.com/n/ryqq/songDetail/001gXR0j4CGTSa
151,GF,梦想家 The Dreamer,4:44,https://y.qq.com/n/ryqq/songDetail/000wC0CQ4W5xFE
152,Ghost,Justice (中国豪华特别版),2:33,https://y.qq.com/n/ryqq/songDetail/004gAlS71UGR3r
153,The Right Path,Age Of Innocence,2:28,https://y.qq.com/n/ryqq/songDetail/0008dOVc2ImmJP
154,The Saltwater Room,Maybe I'm Dreaming,4:55,https://y.qq.com/n/ryqq/songDetail/004JRUOv4QzdC9
155,The Sun Will Rise,Stronger (Deluxe Version),3:33,https://y.qq.com/n/ryqq/songDetail/001fkbCP3YLsS8
156,The Truth That You Leave,Pianoboy,3:43,https://y.qq.com/n/ryqq/songDetail/003nAZrO2vxO6p
157,The Way I Still Love You,REYNARD SILVA,3:46,https://y.qq.com/n/ryqq/songDetail/003Pv8iX2gc8mY
158,THESE ARE THE DAYS,THESE ARE THE DAYS,2:37,https://y.qq.com/n/ryqq/songDetail/004FEbKm2Ep0oD
159,This is Us,This is Us,3:25,https://y.qq.com/n/ryqq/songDetail/001TfS8n3SIOk2
160,Thousand Enemies,Thousand Enemies,4:48,https://y.qq.com/n/ryqq/songDetail/004KPSbd3nu2ns
161,天地龙鳞,天地龙鳞,3:16,https://y.qq.com/n/ryqq/songDetail/001lePVO36SNSo
162,甜而不腻,糖,4:19,https://y.qq.com/n/ryqq/songDetail/000bxBAE3o3802
163,天府,天府,4:07,https://y.qq.com/n/ryqq/songDetail/0031PTO62Kdxxj
164,天后,再爱一遍‧天后,4:49,https://y.qq.com/n/ryqq/songDetail/002bwOah1iUiLU
165,天空,天空,2:58,https://y.qq.com/n/ryqq/songDetail/000c4qO04LiVoI
166,天空の境界線,FAIRY BREATH,5:13,https://y.qq.com/n/ryqq/songDetail/002pcXWJ1IYv8B
167,天使たちの歌 (天使们的歌谣),TVアニメ「義妹生活」オープニング主題歌「天使たちの歌」 (义妹生活 TV动画 片头曲),4:16,https://y.qq.com/n/ryqq/songDetail/004Jp6i8040FsH
168,天下,听！我们的歌,3:41,https://y.qq.com/n/ryqq/songDetail/00041h1u3kgquE
169,天涯,为爱走天涯,5:26,https://y.qq.com/n/ryqq/songDetail/004aLnmP29HHlg
170,Time after time,囿于昼夜,3:16,https://y.qq.com/n/ryqq/songDetail/000uLQ8H1EeyQn
171,Time after time ～花舞う街で～ (Time after time～在落花纷飞的街道上～),Time after time ～花舞う街で～ (Time after time～在落花纷飞的街道上～),4:04,https://y.qq.com/n/ryqq/songDetail/000Ia3aP0cjrN8
172,Time To Love,Vain,3:59,https://y.qq.com/n/ryqq/songDetail/000H8dpV4Pjga3
173,停止跳动,汪苏泷原创合集,4:03,https://y.qq.com/n/ryqq/songDetail/003vDPYg3SqG1z
174,替身,替身,3:17,https://y.qq.com/n/ryqq/songDetail/000Eawcc3UdFjz
175,童话镇,童话镇,3:23,https://y.qq.com/n/ryqq/songDetail/002hwCGJ0MGJSv
176,同じ空みつめてるあなたに,同じ空みつめてるあなたに,4:35,https://y.qq.com/n/ryqq/songDetail/001JJ4yb0hBR4X
177,Tonight (R.I.O. Video Edit),Tonight (Remixes),3:28,https://y.qq.com/n/ryqq/songDetail/003gXnK43bs9Cc
178,Torches,Torches,4:54,https://y.qq.com/n/ryqq/songDetail/003jtqQ109Mqno
179,Tranquility,Tranquility / Trollz,4:44,https://y.qq.com/n/ryqq/songDetail/001KtZXX4955Ci
180,Trip,Massive EDM Bangers,3:08,https://y.qq.com/n/ryqq/songDetail/0023S6UN4Birwj
181,U Make Me Wanna,One Love,3:49,https://y.qq.com/n/ryqq/songDetail/0009aEPn196KtD
182,Untitled world (无题世界),Untitled world,4:07,https://y.qq.com/n/ryqq/songDetail/000PFqzi38hAOf
183,Volaré,Invencible,3:25,https://y.qq.com/n/ryqq/songDetail/003BtUMO27q8zW
184,Wake (Studio),We Are Young & Free (Live),4:14,https://y.qq.com/n/ryqq/songDetail/0005UUIy4G0CTo
185,晚风奔向你,晚风奔向你,3:25,https://y.qq.com/n/ryqq/songDetail/0045IN5Q31DMzl
186,王妃,王妃,3:41,https://y.qq.com/n/ryqq/songDetail/004fXIwt4T8gsE
187,王招君 (你看你拉住我的模样),TA·说,4:15,https://y.qq.com/n/ryqq/songDetail/001D51640M6ZeR
188,忘れてやらない (绝不会忘记),結束バンド,3:43,https://y.qq.com/n/ryqq/songDetail/0047wEGm1RDgKp
189,晚夜微雨问海棠,晚夜微雨问海棠,4:32,https://y.qq.com/n/ryqq/songDetail/0003Outk11AVKw
190,Warrior,Head Above Water,3:45,https://y.qq.com/n/ryqq/songDetail/000Xspmu0EoIpJ
191,为龙,河图精选,4:07,https://y.qq.com/n/ryqq/songDetail/000a4JXK2q2GtI
192,为时已晚（越大越觉孤单）,为时已晚,3:33,https://y.qq.com/n/ryqq/songDetail/00046AXu22Nefc
193,唯一,T.I.M.E.,4:13,https://y.qq.com/n/ryqq/songDetail/001NgljR0RUhy1
194,What Doesn't Kill You,2Day Acoustic Sessions,3:38,https://y.qq.com/n/ryqq/songDetail/000tEfAV2iD7sX
195,When You're Gone,The Best Damn Thing (Deluxe Edition),4:00,https://y.qq.com/n/ryqq/songDetail/000yWJw73DGoep
196,Whistle (Rumba),Let's Dance Das Tanzalbum 2014,3:46,https://y.qq.com/n/ryqq/songDetail/002fGOkN0LwqoZ
197,Who Says,2000 Hits Mixtape (Explicit),3:15,https://y.qq.com/n/ryqq/songDetail/002xvRgh1WM8k3
198,Why Would I Ever,Why Would I Ever,3:22,https://y.qq.com/n/ryqq/songDetail/0006aN4s3LvHlV
199,With a Love Like You(feat. Jamie Pineda),The Next Generation,4:29,https://y.qq.com/n/ryqq/songDetail/003PcWf24LHHAn
200,我把回忆酿成酒,我把回忆酿成酒,3:39,https://y.qq.com/n/ryqq/songDetail/003wQAMf3qzo2t
201,我不曾忘记,我不曾忘记,3:50,https://y.qq.com/n/ryqq/songDetail/0048PqsG4P0ewv
202,我不配你要的,我不配你要的,3:25,https://y.qq.com/n/ryqq/songDetail/001oHShV1Go4Rm
203,我的好兄弟,拿得起放不下,4:37,https://y.qq.com/n/ryqq/songDetail/001uyeOf245nlU
204,我还想她,JJ陆,4:07,https://y.qq.com/n/ryqq/songDetail/003gUMnj3mMwLZ
205,我很快乐,爱情花园,3:33,https://y.qq.com/n/ryqq/songDetail/0027opWa4PxDhg
206,我乐意,我乐意,4:02,https://y.qq.com/n/ryqq/songDetail/000FRrLF2abwM2
207,我们的歌,改变自己,4:07,https://y.qq.com/n/ryqq/songDetail/000NqZLy2lfXjT
208,我们都一样,明天过后,5:03,https://y.qq.com/n/ryqq/songDetail/001UMfxJ1WsCPY
209,我是说假如,还是分开（CD版）,2:51,https://y.qq.com/n/ryqq/songDetail/0044Twgu3HARxj
210,我想牵着你的手,许嵩早期单曲集,2:47,https://y.qq.com/n/ryqq/songDetail/000iFsZ51YZhXO
211,我也不知道,好安静,3:48,https://y.qq.com/n/ryqq/songDetail/002WOp9V0sSP6F
212,我知道你,Dream Start,4:03,https://y.qq.com/n/ryqq/songDetail/001q93Md2OfVwD
213,我终于明白,我终于明白,3:33,https://y.qq.com/n/ryqq/songDetail/002kG7421w9ldh
214,无归,完美世界,4:42,https://y.qq.com/n/ryqq/songDetail/002S6Jlz2uumt1
215,无名的人,无名的人,5:19,https://y.qq.com/n/ryqq/songDetail/000Uw2s630TItL
216,无名的人,无名的人,4:42,https://y.qq.com/n/ryqq/songDetail/002QhULf16tWw1
217,梧桐影,梧桐影,5:24,https://y.qq.com/n/ryqq/songDetail/000gjTwo0NB5Us
218,无心,未知专辑,4:28,https://y.qq.com/n/ryqq/songDetail/004Bntg04KPaPJ
219,夏灯篭,夏灯篭,4:13,https://y.qq.com/n/ryqq/songDetail/002PrAUl1bz2zf
220,夏恋慕(feat. 春茶),夏恋慕 (feat. 春茶),4:27,https://y.qq.com/n/ryqq/songDetail/003FNIRA0WO7JV
221,想いの寄り方は不均一 (思念隔山海),未来日記 第2巻 Blu-ray限定版特典「サウンドトラックCD」 (未来日记),2:14,https://y.qq.com/n/ryqq/songDetail/001nRjfa0IpYf2
222,逍遥,新笑傲江湖 电视剧原声带,4:25,https://y.qq.com/n/ryqq/songDetail/000oW9UA3FlRit
223,小宇,小宇,4:29,https://y.qq.com/n/ryqq/songDetail/003xnepc40S6oM
224,消えない温度,Autumn Vox,2:53,https://y.qq.com/n/ryqq/songDetail/002EVxL03UycjH
225,夏天的风 (钢琴版),【昼夜】流行钢琴翻奏,2:56,https://y.qq.com/n/ryqq/songDetail/000gT2Ci3CMD3b
226,夏天的思念,夏天的思念,3:31,https://y.qq.com/n/ryqq/songDetail/002amO9z0Rdlvv
227,下一秒的我们,下一秒的我们,2:04,https://y.qq.com/n/ryqq/songDetail/0034Kcpk42cz4w
228,夏を書き留める,日陰,5:09,https://y.qq.com/n/ryqq/songDetail/002vVr3e1d1ERe
229,星河入海,星河入海,3:26,https://y.qq.com/n/ryqq/songDetail/003QZi1y2rHt6v
230,形容,大新闻 (I Am),4:29,https://y.qq.com/n/ryqq/songDetail/000RKnpi1KyTVD
231,星屑ビーナス (星尘中的维纳斯),あなたに出会わなければ~夏雪冬花~/星屑ビーナス(期間生産限定アニメ盤) (如果不曾遇见你~夏雪冬花~/星尘中的维纳斯),4:12,https://y.qq.com/n/ryqq/songDetail/0007sEcf0nYt3Q
232,星星海,半熟·秘密,3:57,https://y.qq.com/n/ryqq/songDetail/00162L3a02r1tG
233,星月神话,星月神话,4:08,https://y.qq.com/n/ryqq/songDetail/000vArrl4AAiKB
234,心流感,Break It Down,3:14,https://y.qq.com/n/ryqq/songDetail/001QITTJ3VO7Vu
235,心似烟火,心似烟火,3:36,https://y.qq.com/n/ryqq/songDetail/001vf3Fo1kRyQn
236,信仰,信仰,4:16,https://y.qq.com/n/ryqq/songDetail/001SE3Nh3ZMQCD
237,心之火,花千骨 电视剧原声带,4:56,https://y.qq.com/n/ryqq/songDetail/001aMAmi0JDHhi
238,心中的日月,心中的日月,3:57,https://y.qq.com/n/ryqq/songDetail/0010pO163d2ozK
239,心做し (无心),メリー (Merry),4:29,https://y.qq.com/n/ryqq/songDetail/002rhbs50SVdjL
240,心の在り処 (心之所在),Song Collection from The Rose of Versailles,4:01,https://y.qq.com/n/ryqq/songDetail/0023ARRe2pQN2N
241,希望有羽毛和翅膀,崩坏星穹铁道-空气蛹 INSIDE,3:49,https://y.qq.com/n/ryqq/songDetail/004ArOCZ13Lvqo
242,巡光,巡光,3:29,https://y.qq.com/n/ryqq/songDetail/003Nwqmx1Lk7ca
243,勋章,勋章,3:35,https://y.qq.com/n/ryqq/songDetail/001vBZtU09AoiB
244,仰望星空,听！我们的歌,4:22,https://y.qq.com/n/ryqq/songDetail/0029hTYk3pIsao
245,烟火,烟火,3:57,https://y.qq.com/n/ryqq/songDetail/001UT48F1x3lWR
246,遥不可及,遥不可及,3:08,https://y.qq.com/n/ryqq/songDetail/000oQfaW1KWBCu
247,夜空的寂静 (钢琴曲),夜色钢琴曲 (原创),2:36,https://y.qq.com/n/ryqq/songDetail/002fE3oa0HixZd
248,夜空中最亮的星,世界,4:12,https://y.qq.com/n/ryqq/songDetail/001NmPTG1fVsUw
249,野狼disco,野狼disco,3:56,https://y.qq.com/n/ryqq/songDetail/001an8ju3IkKLW
250,夜明,陰陽師,4:44,https://y.qq.com/n/ryqq/songDetail/001mryIU1rdqEk
251,夜色钢琴曲,未知专辑,1:11,https://y.qq.com/n/ryqq/songDetail/000xHZ6923phDB
252,一番星 (第一颗星),Lipstick/一番星,4:49,https://y.qq.com/n/ryqq/songDetail/001pu8UD2kco6g
253,"Gotta Go My Own Way (From ""High School Musical 2""/Soundtrack Version)",High School Musical 2 (Original Soundtrack),3:42,https://y.qq.com/n/ryqq/songDetail/0005NtRQ2gjyyf
254,够爱,强辩之终极三国 三团鼎立SUPER大斗阵,4:51,https://y.qq.com/n/ryqq/songDetail/004KyQVF3fJ47s
255,够爱,东城卫,5:52,https://y.qq.com/n/ryqq/songDetail/001TXQwj2Aoz3n
256,勾指起誓,勾指起誓,3:03,https://y.qq.com/n/ryqq/songDetail/001mCQBO18pFX1
257,gravityWall,Gravity Wall / Sh0ut,3:46,https://y.qq.com/n/ryqq/songDetail/001UGKKH3QiqwX
258,广寒谣,广寒谣,3:05,https://y.qq.com/n/ryqq/songDetail/002GdzPk0NgUYh
259,光年之外,光年之外,3:55,https://y.qq.com/n/ryqq/songDetail/002E3MtF0IAMMY
260,归期,凡人修仙传 第二季 动画原声带,4:39,https://y.qq.com/n/ryqq/songDetail/003bBhOx11Y8Qv
261,归寻,归寻,3:14,https://y.qq.com/n/ryqq/songDetail/0005JOdN2oCCea
262,过火,宽容,5:02,https://y.qq.com/n/ryqq/songDetail/002bongo1BDtKz
263,过客,过客,4:30,https://y.qq.com/n/ryqq/songDetail/0045KLbl18QqyB
264,古傷 (古伤),古傷 (古伤),3:47,https://y.qq.com/n/ryqq/songDetail/003mnGxP1DD9ha
265,海阔天空,海阔天空,5:26,https://y.qq.com/n/ryqq/songDetail/002MOW3w0vbJHf
266,海浪、海鸥与你,海浪、海鸥与你,3:14,https://y.qq.com/n/ryqq/songDetail/0039nLsb14bmkY
267,海色,海色,4:16,https://y.qq.com/n/ryqq/songDetail/0032xQev49nGla
268,还是分开 (我用力去抓你的衣角),还是分开 (我用力去抓你的衣角),3:40,https://y.qq.com/n/ryqq/songDetail/000td5qI0ObS9A
269,还有我,如果没有你,3:48,https://y.qq.com/n/ryqq/songDetail/000vXQxb4PNbLk
270,好きだから。 (因为我喜欢你。),好きだから。,4:58,https://y.qq.com/n/ryqq/songDetail/004U4TUC0mqItn
271,He's a Pirate,Encore,3:01,https://y.qq.com/n/ryqq/songDetail/004K8fTL2DPOXl
272,黑暗里,黑暗里,3:27,https://y.qq.com/n/ryqq/songDetail/003Yp7OA2EF7fT
273,和煦的糖果风,和煦的糖果风,3:03,https://y.qq.com/n/ryqq/songDetail/00005hPI3xXN8B
274,紅蓮華,紅蓮華,3:58,https://y.qq.com/n/ryqq/songDetail/003nEAIf3Rmatn
275,红色高跟鞋,若你碰到他,3:26,https://y.qq.com/n/ryqq/songDetail/003IGhQO0JdnuC
276,后宫,后宫,4:03,https://y.qq.com/n/ryqq/songDetail/000aCgPv0qKyEL
277,后继者,后继者,4:02,https://y.qq.com/n/ryqq/songDetail/003qKlqV1PVMB8
278,后来我们的爱 (女版),后来我们的爱 (女版),2:29,https://y.qq.com/n/ryqq/songDetail/002Jb7f44Wg1SX
279,坏女孩,不良少年,4:06,https://y.qq.com/n/ryqq/songDetail/0001oIjs0YFIf7
280,花降らし (落花),花降らし,4:54,https://y.qq.com/n/ryqq/songDetail/002LdPSW4Fqrwz
281,黄昏海岸线,黄昏海岸线,3:00,https://y.qq.com/n/ryqq/songDetail/000fjnzN0FWMHa
282,花人局,盗作,5:33,https://y.qq.com/n/ryqq/songDetail/004RiQSW2XEMGP
283,画心,画心,7:12,https://y.qq.com/n/ryqq/songDetail/0045cdSn27l6YM
284,花は誰のもの?,花は誰のもの? Special Edition,4:11,https://y.qq.com/n/ryqq/songDetail/003e60HY2x6kPe
285,蝴蝶夫人,蝴蝶夫人,3:25,https://y.qq.com/n/ryqq/songDetail/002Vnphp0q9EPu
286,回到那天,回到那天,3:31,https://y.qq.com/n/ryqq/songDetail/004bZCHs2MkBGL
287,回向 -echo-,RULE THE WORLD,4:36,https://y.qq.com/n/ryqq/songDetail/000tmfG22sRWDg
288,回忆成了大问题,回忆成了大问题,2:35,https://y.qq.com/n/ryqq/songDetail/0000gEvy1oLdxo
289,回忆观影券,回忆观影券,2:50,https://y.qq.com/n/ryqq/songDetail/0040W0qk0yaaME
290,Hustler,Golden Age,3:14,https://y.qq.com/n/ryqq/songDetail/0031bhnb0o8tgs
291,狐言,狐言,3:31,https://y.qq.com/n/ryqq/songDetail/000idahy2pT761
292,i BELIEVE ～星に願いを (i BELIEVE～向星星许愿),i BELIEVE ～星に願いを,5:23,https://y.qq.com/n/ryqq/songDetail/0005Lfp6434bse
293,I Can,"Brightside, Vol. One EP",3:29,https://y.qq.com/n/ryqq/songDetail/002MRroR30c9CX
294,I Knew You Were Trouble,I Knew You Were Trouble.,3:39,https://y.qq.com/n/ryqq/songDetail/002UQcup2VNwVV
295,I Love You,I Love You,4:22,https://y.qq.com/n/ryqq/songDetail/000WzRYa4Qyt3X
296,I Miss You,Paradise,3:49,https://y.qq.com/n/ryqq/songDetail/002J77410c45ow
297,I Say Yeah (Vanni G Extended Mix),I Say Yeah,4:59,https://y.qq.com/n/ryqq/songDetail/0021lNKi4Tspcd
298,I Stay In Love,E=MC²,3:32,https://y.qq.com/n/ryqq/songDetail/003aAHzn3yIA0b
299,I Wanted You,Blue Lover,3:53,https://y.qq.com/n/ryqq/songDetail/002qw3ro3LO7yR
300,I Won't Be There,Kayleigh O'Connor,3:34,https://y.qq.com/n/ryqq/songDetail/002QZm4m0qjj8e
301,I'll Be The One,Flight Number 001,4:56,https://y.qq.com/n/ryqq/songDetail/004cDTP73dYxqj
302,I'll Be There,I'll Be There,3:01,https://y.qq.com/n/ryqq/songDetail/001YkE8t400yNT
303,If These Walls Could Talk,Eleven,4:06,https://y.qq.com/n/ryqq/songDetail/000gp4zK1lHBah
304,Imagine,Sanctuary,3:43,https://y.qq.com/n/ryqq/songDetail/000Q5Kcl1zCocG
305,Inconsolable,For A Moment,4:24,https://y.qq.com/n/ryqq/songDetail/002T76H805M4DG
306,Indigo Sky,Fragment of Eden,4:19,https://y.qq.com/n/ryqq/songDetail/000ofKLV2vX0Kq
307,Innocence,The Best Damn Thing/Under My Skin,3:53,https://y.qq.com/n/ryqq/songDetail/002K935L4BpdhT
308,It's Your Birthday (Inst.),It's Your Birthday,2:57,https://y.qq.com/n/ryqq/songDetail/000NcAp02smcHX
309,IVORY TOWER (feat. SennaRin),《龙族》动画OST,2:57,https://y.qq.com/n/ryqq/songDetail/002IVysA1be4yp
310,江南,第二天堂,4:27,https://y.qq.com/n/ryqq/songDetail/004TXEXY2G2c7C
311,剑心,古剑奇谭 电视原声带,4:12,https://y.qq.com/n/ryqq/songDetail/001ICqTe0z2YCL
312,加油,100天,3:47,https://y.qq.com/n/ryqq/songDetail/0049t0gc2joqxK
313,極楽浄土,約束 -Promise code- (约定 -Promise code-),3:38,https://y.qq.com/n/ryqq/songDetail/000lhlAi3bMmTa
314,寂寞沙洲冷,星空下的传说,4:34,https://y.qq.com/n/ryqq/songDetail/003XPmiG3eMglL
315,静悄悄 (池鱼版),静悄悄 (池鱼版),3:30,https://y.qq.com/n/ryqq/songDetail/001URfqo29Y1h8
316,静悄悄 (Remix),静悄悄（Remix版）,2:44,https://y.qq.com/n/ryqq/songDetail/001EJzGW3zc33t
317,静心低语曲,聆听森林的私语,2:04,https://y.qq.com/n/ryqq/songDetail/002Mz8Zd1FF4yB
318,静かに愛してる (给你的爱一直很安静),静かに愛してる,4:07,https://y.qq.com/n/ryqq/songDetail/002mXF2K0nDobi
319,今、歩き出す君へ。 (献给此刻迈步前行的你。),PCゲーム「いますぐお兄ちゃんに妹だっていいたい!」ボーカルアルバム,4:39,https://y.qq.com/n/ryqq/songDetail/002annJO3Vo97M
320,记忆覆盖,记忆覆盖(生活就是这样),3:10,https://y.qq.com/n/ryqq/songDetail/003zTSGd3T0cuQ
321,记忆停留,记忆停留,2:54,https://y.qq.com/n/ryqq/songDetail/002WcwVL2ypOuf
322,句号,摩天动物园,3:55,https://y.qq.com/n/ryqq/songDetail/001QJyJ32zybEe
323,栞,栞,4:26,https://y.qq.com/n/ryqq/songDetail/004DeDIV2CkQE3
324,可愛くてごめん (这么可爱真是抱歉),可愛くてごめん,3:39,https://y.qq.com/n/ryqq/songDetail/0006NGKC1eKMbE
325,可不可以,可不可以,4:00,https://y.qq.com/n/ryqq/songDetail/000x2ZyK1FYFht
326,Keep Rolling On,Strum Strum,3:07,https://y.qq.com/n/ryqq/songDetail/0003QG3W3gwJU6
327,可笑,可笑,3:35,https://y.qq.com/n/ryqq/songDetail/0010YjE40SalGp
328,可以了,rice & shine,4:53,https://y.qq.com/n/ryqq/songDetail/002KvLx4425LV7
329,Killing In The Name (Explicit),Rage Against The Machine - XX (20th Anniversary Special Edition) [Explicit],5:13,https://y.qq.com/n/ryqq/songDetail/000QKRwk494MjR
330,空山新雨后,听,2:53,https://y.qq.com/n/ryqq/songDetail/001SCeNA1ysL0k
331,跨过山海去表白,跨过山海去表白,3:07,https://y.qq.com/n/ryqq/songDetail/003G5VYs3aqTmE
332,藍悼花 (feat. Lucia),HARMONICS,4:58,https://y.qq.com/n/ryqq/songDetail/001gkCAJ0HDbV3
333,老街,小黄,5:18,https://y.qq.com/n/ryqq/songDetail/000sU9jC3bN2dY
334,老男孩,父亲,4:59,https://y.qq.com/n/ryqq/songDetail/001xXUin4eaeA4
335,Last Reincarnation,Last Reincarnation,3:10,https://y.qq.com/n/ryqq/songDetail/000HOKX94GfldO
336,LAST STARDUST,DAWN,5:18,https://y.qq.com/n/ryqq/songDetail/003MHj8e0857Qw
337,Layla蕾拉,外南街1982,3:02,https://y.qq.com/n/ryqq/songDetail/001tInOl2tShpy
338,Leave The Night On,Montevallo,3:12,https://y.qq.com/n/ryqq/songDetail/003TTZ8g1PKzo6
339,泪桥,泪桥,3:45,https://y.qq.com/n/ryqq/songDetail/002iuMFp4IQ8bN
340,Lemon Tree,Lemon Tree,3:17,https://y.qq.com/n/ryqq/songDetail/003zmeDP46hm6i
341,Let me hear (Remix),【寄生獣 セイの格率】Doujin Music,2:42,https://y.qq.com/n/ryqq/songDetail/001pQZfR4I948N
342,Letting Go,说到爱,4:23,https://y.qq.com/n/ryqq/songDetail/004aJoYT3ia7al
343,两个人总是,美少女万華鏡 -かつて少女だった君へ- (美少女万华镜 -献给曾经是少女的你-),2:32,https://y.qq.com/n/ryqq/songDetail/003XuzO71q7Yuz
344,恋人心,恋人心,3:26,https://y.qq.com/n/ryqq/songDetail/000AiNwg0VofTx
345,练习,美丽的一天,4:20,https://y.qq.com/n/ryqq/songDetail/002Q4Jgw0dxWxt
346,恋音と雨空 (恋歌与雨天),1LDK,5:18,https://y.qq.com/n/ryqq/songDetail/002g7Bfv0Ri1Qi
347,恋はキライだ (讨厌恋爱),恋はキライだ (讨厌恋爱),3:34,https://y.qq.com/n/ryqq/songDetail/003ojQJO03wMtP
348,聊天记录,聊天记录,3:02,https://y.qq.com/n/ryqq/songDetail/002uVoo0344Mqy
349,Lifewalk,Fragment of Eden,4:18,https://y.qq.com/n/ryqq/songDetail/004IRbIh0lZ7Z0
350,Light It Up,Light It Up,3:05,https://y.qq.com/n/ryqq/songDetail/002Ed2d12xRduA
351,Light My Way,light my way,4:19,https://y.qq.com/n/ryqq/songDetail/003y1Htz0r167Y
352,立剑,一念关山 影视剧原声大碟,3:33,https://y.qq.com/n/ryqq/songDetail/000dtvG10uk5bF
353,一番の宝物 (Original Version),Angel Beats! Original SoundTrack (天使的心跳! TV动画原声带),6:00,https://y.qq.com/n/ryqq/songDetail/002kbESJ22hsFV
354,一番の宝物 (Yui ver.),Keep The Beats!,5:59,https://y.qq.com/n/ryqq/songDetail/0027GNUy3hRCSH
355,遗憾皆在风中,遗憾皆在风中,3:50,https://y.qq.com/n/ryqq/songDetail/003pFCAZ2QIwm8
356,倚栏听风,倚栏听风,3:41,https://y.qq.com/n/ryqq/songDetail/00226Rm433S0Ep
357,一路生花,一路生花,4:16,https://y.qq.com/n/ryqq/songDetail/004AxmlM3YihD2
358,壱雫空,壱雫空,3:09,https://y.qq.com/n/ryqq/songDetail/001Ql8nn2TVmek
359,樱花草,花言乔语 (精装版),4:43,https://y.qq.com/n/ryqq/songDetail/000Tx0ZM2xaBhM
360,樱花树下的约定,樱花树下的约定,2:57,https://y.qq.com/n/ryqq/songDetail/002w52kY33Gp0Z
361,樱花树下的约定,樱花树下的约定,1:50,https://y.qq.com/n/ryqq/songDetail/003IAq9p2bb7Ni
362,樱花坠落后,樱花坠落后,3:17,https://y.qq.com/n/ryqq/songDetail/004ZRgif0lNTnB
363,英雄寞,怪胎,4:27,https://y.qq.com/n/ryqq/songDetail/002KjiHo3p7pAq
364,银河与星斗,银河与星斗,3:14,https://y.qq.com/n/ryqq/songDetail/003lgoEG1SWHmF
365,一起去风里吧,一起去风里吧,3:03,https://y.qq.com/n/ryqq/songDetail/000a4e9q47z3I4
366,一首想不通的古风,一首想不通的古风,4:06,https://y.qq.com/n/ryqq/songDetail/003mCnCs4Y4SZg
367,一吻天荒,轩辕剑之天之痕 电视剧原声带,4:12,https://y.qq.com/n/ryqq/songDetail/001nWoME0kaG55
368,一心不乱,未知专辑,3:19,https://y.qq.com/n/ryqq/songDetail/00313CFf2gTa2z
369,一直很安静,仙剑奇侠传 电视剧原声带,4:10,https://y.qq.com/n/ryqq/songDetail/0029eQ0Z1Cxptl
370,You Look Better When I'm Drunk,Promo Only Mainstream Radio June 2010,3:11,https://y.qq.com/n/ryqq/songDetail/000ll0IF2Bkp3Q
371,You Should Get Over Me,You Should Get Over Me,3:34,https://y.qq.com/n/ryqq/songDetail/001SPCwT4ZLIy9
372,You&Me,MELLOW RIDE MIX,3:47,https://y.qq.com/n/ryqq/songDetail/000sHnZm4PyWiE
373,You're On,Amos,3:04,https://y.qq.com/n/ryqq/songDetail/000JUnrL0339Fy
374,有点甜,万有引力,3:55,https://y.qq.com/n/ryqq/songDetail/001bdYk41BCfRi
375,有何不可,自定义,4:01,https://y.qq.com/n/ryqq/songDetail/002mZevo3wHvsc
376,忧伤还是快乐,The Golden Piano,4:11,https://y.qq.com/n/ryqq/songDetail/004cQiY03hPODR
377,游山恋,游山恋,3:43,https://y.qq.com/n/ryqq/songDetail/001oGtPo00bUil
378,愚爱,愚爱,4:32,https://y.qq.com/n/ryqq/songDetail/002PnWp40b6T8R
379,愿得一人心,愿得一人心,4:37,https://y.qq.com/n/ryqq/songDetail/002pTIXQ3UVAVP
380,鸳鸯债,纸嫁衣3鸳鸯债,2:27,https://y.qq.com/n/ryqq/songDetail/001DA2gT3d0Bvt
381,遠い空へ,遥远的天空,3:26,https://y.qq.com/n/ryqq/songDetail/000Kk7Dv1yj1nA
382,雨道,雨道,3:37,https://y.qq.com/n/ryqq/songDetail/0028Z04C1WbH0p
383,月光,音乐斌潮,4:32,https://y.qq.com/n/ryqq/songDetail/000c5J4O1KmPSA
384,月桂女神,不想长大,5:13,https://y.qq.com/n/ryqq/songDetail/0036r15Y0J26BZ
385,越来越不懂,Close To 蔡健雅 Original x Tanya / Original x Tanya Demo,3:49,https://y.qq.com/n/ryqq/songDetail/001naIrr2wx0d0
386,越难越爱 (粤语),越难越爱 Love Collection 精选,3:57,https://y.qq.com/n/ryqq/songDetail/00258zy70zdr5q
387,約束,约定,4:52,https://y.qq.com/n/ryqq/songDetail/002Nn2nE0Hu7WM
388,雨空 - after -,雨空 - after -,5:34,https://y.qq.com/n/ryqq/songDetail/002nVD7F2CaaeW
389,御龙三国志,御龙在天 游戏原声带,4:11,https://y.qq.com/n/ryqq/songDetail/002h2AGC1c5DeI
390,淤泥深处的星星,无人问津的星球,5:20,https://y.qq.com/n/ryqq/songDetail/003BnKUT0sO5kv
391,云之羽,云之羽 影视原声带,4:18,https://y.qq.com/n/ryqq/songDetail/000vTX5k4PkZet
392,遇萤-橙光《遇龙》主题曲,遇龙·橙光OST,4:00,https://y.qq.com/n/ryqq/songDetail/001CD1XU0V7pRb
393,再飞行,再飞行,1:31,https://y.qq.com/n/ryqq/songDetail/000Fc2iQ4eBEei
394,再生 (2023 Live),セカイシンフォニー Sekai Symphony 2023 Live,5:22,https://y.qq.com/n/ryqq/songDetail/002xct6i161nsM
395,怎么会狠心伤害我,源情歌,4:28,https://y.qq.com/n/ryqq/songDetail/000Foied2MchaC
396,着魔,着魔,3:35,https://y.qq.com/n/ryqq/songDetail/000wpbOx3f6UDZ
397,真的爱你,BEYOND IV,4:35,https://y.qq.com/n/ryqq/songDetail/004Gyue33FERTT
398,真英雄,疼爱,4:24,https://y.qq.com/n/ryqq/songDetail/002zaSc21y2pgZ
399,谪仙,谪仙,2:58,https://y.qq.com/n/ryqq/songDetail/000zFAcX3JhXzY
400,只为你着迷,只为你着迷,4:00,https://y.qq.com/n/ryqq/songDetail/001tZG6r2hDJDI
401,指纹,指纹,4:00,https://y.qq.com/n/ryqq/songDetail/000HTbQv2OHqYi
402,只要你愿意,只要你愿意,3:30,https://y.qq.com/n/ryqq/songDetail/000GRkEP05DlyO
403,重塑,永夜星河 影视原声大碟,3:12,https://y.qq.com/n/ryqq/songDetail/002LlrHG2qBKOw
404,追憶の光 (追忆之光),追憶の光 (追忆之光),4:15,https://y.qq.com/n/ryqq/songDetail/003Cfhj74Arwso
405,诛仙我回来,如果没有你,4:14,https://y.qq.com/n/ryqq/songDetail/004PvBBf1PafUN
406,自由之歌,末日青春：补完计划,4:22,https://y.qq.com/n/ryqq/songDetail/001p4umh1wYqsa
407,走马,走马,4:15,https://y.qq.com/n/ryqq/songDetail/001oilwq3Y9Wni
408,最后一页,恋习,4:05,https://y.qq.com/n/ryqq/songDetail/004INdnu0H2fok
409,最美的期待,最美的期待,3:30,https://y.qq.com/n/ryqq/songDetail/003YC3p31HyR96
410,最強ガール,JELEE BOX,3:13,https://y.qq.com/n/ryqq/songDetail/002oNsq52pQdZj
411,最強ガール (最强女孩),最強ガール (最强女孩),3:13,https://y.qq.com/n/ryqq/songDetail/002OpfhW1Edtyy
412,醉情长,新月痕（治愈版）,3:20,https://y.qq.com/n/ryqq/songDetail/000tTypq0zPOgU
413,unknown,unknown,4:20,https://y.qq.com/n/ryqq/songDetail/003G0xKt1AOI4q
414,15楼窗外,15楼窗外 (大制作家1简单与伟大),2:59,https://y.qq.com/n/ryqq/songDetail/000ONHH02IKqr2
415,"24/7, 365","24/7, 365",2:47,https://y.qq.com/n/ryqq/songDetail/000jayNF4Qyb4v
416,5：20AM (DJ律动版),5：20AM（DJ律动版）,2:42,https://y.qq.com/n/ryqq/songDetail/004IEvHV1O3V1i
417,あいぞめ (蓝染) (piano version),地狱少女 二笼 オリジナルサウンドトラック II (地狱少女二笼原声集),2:03,https://y.qq.com/n/ryqq/songDetail/001Le9O81JdH3X
418,あなたに愛たくて (想爱你),BEST,4:37,https://y.qq.com/n/ryqq/songDetail/003GOAol2MwQHM
419,あの夢をなぞって (描绘着那场梦),あの夢をなぞって,4:00,https://y.qq.com/n/ryqq/songDetail/004OZAE22YnVrF
420,あの夢をなぞって (描绘着那场梦) (Ballade Ver.),あの夢をなぞって (Ballade Ver.),3:44,https://y.qq.com/n/ryqq/songDetail/003mteBc2pvMSL
421,ありがとう… (谢谢),Advanced Music From Japan Vol.1,4:09,https://y.qq.com/n/ryqq/songDetail/0011y2bn053X8X
422,いつもこの場所で (一直在这个地方),「劇場版 STEINS;GATE 負荷領域のデジャヴ」エンディングテーマ「いつもこの場所で」 (剧场版《命运石之门：负荷领域的既视感》片尾曲 一直在这个地方),5:20,https://y.qq.com/n/ryqq/songDetail/001xcGhu4DnzJY
423,ここで生きてる (依然存活于此),ここで生きてる,3:22,https://y.qq.com/n/ryqq/songDetail/001NER8J4CiYMq
424,この青空と流れる雲に (在这蓝天和流云中),なつかぜメモリア,3:33,https://y.qq.com/n/ryqq/songDetail/003WDRlO13A8ER
425,さよならさよなら (再见了再见了),NEXT SCHOOL,3:40,https://y.qq.com/n/ryqq/songDetail/000yGwHK0eI0eG
426,しでの鳥 (不死鸟),偽物語 第五巻/つきひフェニックス（下） (｢伪物语”剧伴音楽集 其ノ肆&あとがたり完全版),2:12,https://y.qq.com/n/ryqq/songDetail/0003bKBQ0lxxtu
427,その声消えないよ (你的声音不会消失),その声消えないよ feat.Sunya (那声音无法消失),4:53,https://y.qq.com/n/ryqq/songDetail/004PJmrR0MgyCr
428,そばにいるね (留在我身边),そばにいるね (我在你身边),5:02,https://y.qq.com/n/ryqq/songDetail/001WuMuz0POh9H
429,それでも好きで (即便如此还是喜欢),告うた~あなたへ贈る歌~ (告白歌~献给你的歌~),4:55,https://y.qq.com/n/ryqq/songDetail/000xiC2H2ia4vO
430,ただ君に晴れ (只为你拨云放晴),負け犬にアンコールはいらない (败犬不需要安可),3:18,https://y.qq.com/n/ryqq/songDetail/000HVNPt0k7pO7
431,ただ声一つ (只想说一声),ただ声一つ,2:41,https://y.qq.com/n/ryqq/songDetail/002cn4sX1hWeYm
432,だから僕は音楽を辞めた (所以我放弃了音乐),だから僕は音楽を辞めた (所以我放弃了音乐),4:02,https://y.qq.com/n/ryqq/songDetail/000rIBew065PCy
433,とおりゃんせ～甘美風来,千恋＊万花 キャラクターソング Vol.1「とおりゃんせ～甘美風来」,3:25,https://y.qq.com/n/ryqq/songDetail/0014wLpP1PVrDH
434,どこまでも ひろがる空に向かって (无论在何地都向着广阔天空),All My Words,4:23,https://y.qq.com/n/ryqq/songDetail/001AxwcN2CZiZH
435,ひかり (光芒),ひかり (光),5:22,https://y.qq.com/n/ryqq/songDetail/000IeunX4IYl7g
436,ひとりぼっち東京 (孤独东京),青春コンプレックス,3:52,https://y.qq.com/n/ryqq/songDetail/001Xr5YM4THryV
437,ふたりだけ (只有两人),Switch ON!,3:06,https://y.qq.com/n/ryqq/songDetail/000v8RFm0wTzp8
438,ふたりの気持ち (两人的心情),TVアニメーション「犬夜叉」オリジナルサウンドトラック「犬夜叉 音楽篇 参」 (犬夜叉 TV动画原声带「犬夜叉 音乐篇 三」),2:39,https://y.qq.com/n/ryqq/songDetail/000Gj5I4014YHA
439,ふわふわ♪ (轻飘飘♪),ふわふわ (轻飘飘),4:46,https://y.qq.com/n/ryqq/songDetail/000yri5C0s4QhV
440,アイドル (偶像),アイドル (偶像),3:33,https://y.qq.com/n/ryqq/songDetail/001MFU8s2twj4U
441,アイロニ (反语) (カバー),Contrast,4:04,https://y.qq.com/n/ryqq/songDetail/004SlTZQ3NWbAO
442,アスタロア (Asterlore),PCゲーム『Summer Pockets REFLECTION BLUE』オープニングテーマ「アスタロア」 (Asterlore),4:38,https://y.qq.com/n/ryqq/songDetail/003Ox1Zv1zf9VW
443,カタオモイ (单相思),デイドリーム,3:27,https://y.qq.com/n/ryqq/songDetail/004NcTb938H05K
444,カタオモイ (单相思) (Live),"Aimer Live in 武道館 “blanc et noir""",3:50,https://y.qq.com/n/ryqq/songDetail/002gVVzk3SQKY8
445,カタチのないもの (Another ver.),カタチのないもの (Another ver.),3:03,https://y.qq.com/n/ryqq/songDetail/001AQgg130PHdG
446,カラカラ (卡拉卡拉),カラカラ,4:25,https://y.qq.com/n/ryqq/songDetail/003qTtjy2LryqU
447,キミに贈る歌 (赠与你的歌),キミに贈る歌 (赠与你的歌),4:27,https://y.qq.com/n/ryqq/songDetail/0018Zfqr4WteGg
448,ギターと孤独と蒼い惑星 (吉他与孤独与蓝色星球),ギターと孤独と蒼い惑星 (吉他与孤独与蓝色星球),3:48,https://y.qq.com/n/ryqq/songDetail/001UnSHi3ELswe
449,ビー玉 (弹珠),Close to heart,3:27,https://y.qq.com/n/ryqq/songDetail/001Yqbzw03FmYr
450,ポケットをふくらませて (将幸福装满口袋),Summer Pockets Original SoundTrack (夏日口袋 游戏原声带),6:51,https://y.qq.com/n/ryqq/songDetail/002c258241Yiyu
451,メフィスト (梅菲斯特),メフィスト (梅菲斯特 ),3:47,https://y.qq.com/n/ryqq/songDetail/000FYg371N4Wfv
452,ワールドイズマイン (World is Mine),未知专辑,4:15,https://y.qq.com/n/ryqq/songDetail/001RGo9m4bGdXJ
453,晴る (放晴),晴る,4:30,https://y.qq.com/n/ryqq/songDetail/001YD7382RBzjI
454,秋殇别恋,秋殇别恋,4:57,https://y.qq.com/n/ryqq/songDetail/000kyIJ71YOK3c
455,秋殇别恋,三世天堂,4:37,https://y.qq.com/n/ryqq/songDetail/001XJjzt1C1ylZ
456,秋天不回来,秋天不回来,4:13,https://y.qq.com/n/ryqq/songDetail/0003rqbJ3DIjcK
457,秋姉妹のなく顷に in the autumn sky (秋姐妹鸣泣之时 秋日天空下),秋満开の风に舞う (在秋天盛开的风中跳舞),4:23,https://y.qq.com/n/ryqq/songDetail/004U5e4I1L5Nsq
458,柒月,柒月,4:17,https://y.qq.com/n/ryqq/songDetail/0027bxjS2EGsxD
459,权御天下,2015哔哩哔哩拜年纪,4:10,https://y.qq.com/n/ryqq/songDetail/001xZXiW4aAhkL
460,Rainy proof,Rainy proof,4:29,https://y.qq.com/n/ryqq/songDetail/001L4ZKC2IwxIA
461,让我留在你身边,让我留在你身边,3:05,https://y.qq.com/n/ryqq/songDetail/003tlSye3PpqAg
462,Reality,Mood Swings,3:36,https://y.qq.com/n/ryqq/songDetail/001Z8yKb3so2b8
463,Reality (Acoustic Version),Reality (Acoustic Version),3:42,https://y.qq.com/n/ryqq/songDetail/003HZ0GQ4Kktpr
464,Ref:rain,Ref:rain / 眩いばかり(期間生産限定盤) (Ref:rain/光彩照人),4:50,https://y.qq.com/n/ryqq/songDetail/000rW7Vx3rhrJE
465,热恋冰淇淋,热恋冰淇淋,2:09,https://y.qq.com/n/ryqq/songDetail/001lTRsO3Bbgsj
466,Remind You,Told You So (Explicit),4:31,https://y.qq.com/n/ryqq/songDetail/001V3RgI3MTnmx
467,任性,不信邪,3:54,https://y.qq.com/n/ryqq/songDetail/002I3I0S2lJ53n
468,认真的雪,薛之谦,4:19,https://y.qq.com/n/ryqq/songDetail/001hUNRP0P8g7x
469,Rettungsmission,NIEMALS ALLEIN (Explicit),2:30,https://y.qq.com/n/ryqq/songDetail/002yQK314EabT6
470,Reweave,Reweave,3:57,https://y.qq.com/n/ryqq/songDetail/001ejvcK3N3hlw
471,日不落,未知专辑,3:48,https://y.qq.com/n/ryqq/songDetail/001694Sm3o0gA6
472,Rose (Epic Orchestra),Rose (Epic Orchestra),3:56,https://y.qq.com/n/ryqq/songDetail/000vEsQx3vd7O0
473,如果这就是爱情,我相信,4:42,https://y.qq.com/n/ryqq/songDetail/002vghem1otEWQ
474,Runaway,The Best Damn Thing/Under My Skin,3:48,https://y.qq.com/n/ryqq/songDetail/000aFKkI2UBNM2
475,若当来世,狐妖小红娘 动画原声带,3:34,https://y.qq.com/n/ryqq/songDetail/0005Y0qE4b8qoi
476,弱点,弱点,3:40,https://y.qq.com/n/ryqq/songDetail/000ZBuWd2pvizN
477,弱点,贺敬轩告I,3:40,https://y.qq.com/n/ryqq/songDetail/002388zA2zKj3n
478,入阵曲,步步 自选作品辑 the Best of 1999-2013,3:29,https://y.qq.com/n/ryqq/songDetail/002AWnlx0x7jOy
479,Sacred Play Secret Place,Laideronnette,5:17,https://y.qq.com/n/ryqq/songDetail/004Lv7SQ0rvDTt
480,Sacred Play SecretPlace_雨夜,Sacred Play SecretPlace_雨夜,3:46,https://y.qq.com/n/ryqq/songDetail/003uGC5d0HinsV
481,Sakura,SONGBIRD SIMPLY BEAUTIFUL VOICES,4:32,https://y.qq.com/n/ryqq/songDetail/003sHPWE3veRsx
482,三国恋,Fighting！生存之道,4:06,https://y.qq.com/n/ryqq/songDetail/004eLxeo1h5x3L
483,三国乱世,胡思乱想,4:05,https://y.qq.com/n/ryqq/songDetail/003tPUKK0fLYQj
484,三国杀,好安静,3:47,https://y.qq.com/n/ryqq/songDetail/003CV1Xy2mieXJ
485,三生三世,三生三世十里桃花 电视剧原声专辑,4:17,https://y.qq.com/n/ryqq/songDetail/000hscqh1l8UlG
486,Santa Tell Me,Santa Tell Me,3:24,https://y.qq.com/n/ryqq/songDetail/003IHmxv45bhCR
487,Save Me A Spark,Madness (Deluxe Edition),3:39,https://y.qq.com/n/ryqq/songDetail/001ynUnL2jCqZt
488,Sea,Gentle as water,2:49,https://y.qq.com/n/ryqq/songDetail/000Zchab175Cxi
489,secret base ~君がくれたもの~ (secret base ～你给我的所有～) (Memento mori Ver.),secret base～君がくれたもの～ (secret base～你给我的所有～),4:40,https://y.qq.com/n/ryqq/songDetail/0038cXre3xTgYN
490,Secret of my heart (内心的秘密),Secret of my heart (内心的秘密),4:27,https://y.qq.com/n/ryqq/songDetail/001f8FoZ4BKClJ
491,See You Again (feat. Charlie Puth),Furious 7: Original Motion Picture Soundtrack (Explicit),3:49,https://y.qq.com/n/ryqq/songDetail/0022R1L82mb8Hp
492,Seek,电击文库：零境交错 主题曲合集,3:47,https://y.qq.com/n/ryqq/songDetail/0042adoc3kwXXj
493,渋谷アクアリウム,渋谷アクアリウム,3:43,https://y.qq.com/n/ryqq/songDetail/004V6LCK1BB9N6
494,Setsuna,Setsuna,2:55,https://y.qq.com/n/ryqq/songDetail/000kOebp276jd2
495,Settle For Less,I Like That,3:09,https://y.qq.com/n/ryqq/songDetail/000jeRD3446vSY
496,刹那の誓い (feat. 由崎司),刹那の誓い (feat. 由崎司),3:40,https://y.qq.com/n/ryqq/songDetail/001vhZEd0cl0A3
497,伤心的时候可以听情歌,得到你的人却得不到你的心,3:37,https://y.qq.com/n/ryqq/songDetail/001n2tYj1ETlAr
498,伤心太平洋,爱像太平洋,4:26,https://y.qq.com/n/ryqq/songDetail/004BgYKS3hhzp8
499,山海不可平 (Inst.),曾梦想仗剑走天涯,1:53,https://y.qq.com/n/ryqq/songDetail/002uPoqb0jkc3Z
500,生死相随,秦时丽人明月心 电视剧原声带,3:50,https://y.qq.com/n/ryqq/songDetail/001GCplx1cW9T3
501,深海少女,voices in a bottle ～海を越え届いた歌声～,3:36,https://y.qq.com/n/ryqq/songDetail/003jP7z03xuaXM
502,沈园外,沈园外,3:43,https://y.qq.com/n/ryqq/songDetail/00333VYG3eXFtv
503,奢香夫人,最炫民族风,4:19,https://y.qq.com/n/ryqq/songDetail/003XMyG91NpwQ1
504,時代を越える想い II (跨越时代的思念 II),犬夜叉 時代を越える想い 音楽篇 (犬夜叉 超越时空的思念 音乐篇),2:27,https://y.qq.com/n/ryqq/songDetail/0040V4Ea3ZQOiC
505,是风动,蚍蜉渡海,4:48,https://y.qq.com/n/ryqq/songDetail/001gH5Ib2tlFDh
506,世间美好与你环环相扣,世间美好与你环环相扣,3:47,https://y.qq.com/n/ryqq/songDetail/004U2CFI0cWzws
507,时间煮雨（风吹雨成花）,时间煮雨（风吹雨成花）,4:00,https://y.qq.com/n/ryqq/songDetail/003IW8Md2VEF9D
508,世界不会崩坏,世界不会崩坏,3:27,https://y.qq.com/n/ryqq/songDetail/001VxFSd20qe4l
509,世界は恋に落ちている (我的世界已坠入爱河),世界は恋に落ちている (我的世界已坠入爱河),5:11,https://y.qq.com/n/ryqq/songDetail/0033zob1491R7d
510,十九岁的一天,十九岁的一天,4:54,https://y.qq.com/n/ryqq/songDetail/002WuByQ4eSjBv
511,十年,黑白灰,3:25,https://y.qq.com/n/ryqq/songDetail/001OyHbk2MSIi4
512,Shivers,Shivers,3:27,https://y.qq.com/n/ryqq/songDetail/0002kI4i1KS8eh
513,Shooting Star,Kep1going On,3:03,https://y.qq.com/n/ryqq/songDetail/0034Y0G037ckUo
514,收敛,收敛,3:24,https://y.qq.com/n/ryqq/songDetail/004P0r1L3AmzR2
515,手掌心,兰陵王 电视剧原声带,4:16,https://y.qq.com/n/ryqq/songDetail/001yDLni2xPWIu
516,霜雪千年,洛天依作品集,4:00,https://y.qq.com/n/ryqq/songDetail/001mzBxY4UVcAH
517,霜雪千年,霜雪千年（翻唱）,4:06,https://y.qq.com/n/ryqq/songDetail/0033PAYE2vqqyH
518,双鱼,双鱼,3:30,https://y.qq.com/n/ryqq/songDetail/0008yCWH0o4x2l
519,谁,谁,4:37,https://y.qq.com/n/ryqq/songDetail/0011LjbJ0Jc26m
520,水槽のブランコ (水槽的秋千),水槽のブランコ (水槽的秋千),4:27,https://y.qq.com/n/ryqq/songDetail/002sRAB52dfy2Y
521,瞬间的永恒 (钢琴曲),夜色钢琴曲 (原创),2:40,https://y.qq.com/n/ryqq/songDetail/0038H6er2K4oDl
522,说爱你,看我72变,3:46,https://y.qq.com/n/ryqq/songDetail/002UJg1T3tbCsK
523,四季予你,四季予你,4:08,https://y.qq.com/n/ryqq/songDetail/004bd0Av3rVEE3
524,Silent Scream,Silent Scream,3:40,https://y.qq.com/n/ryqq/songDetail/003T4teP3B4dYL
525,思念微醺,思念微醺,3:38,https://y.qq.com/n/ryqq/songDetail/001LnJ5O0ZActk
526,四月十一,《四月十一》,2:21,https://y.qq.com/n/ryqq/songDetail/002Idxil2nJaIC
527,Sketch Plane,Sincere Sarcasm,3:45,https://y.qq.com/n/ryqq/songDetail/000VZRQ32mi23F
528,Skin Deep,环球音乐极品典藏集 Lesson 7.5,3:28,https://y.qq.com/n/ryqq/songDetail/0032ggPy4KhjMu
529,So Far Away,So Far Away,3:03,https://y.qq.com/n/ryqq/songDetail/0002gGqW29HSs8
530,Something That I Already Know,Unbreakable,3:29,https://y.qq.com/n/ryqq/songDetail/003oy3Ni1w0IsV
531,Sorrow,I wish,4:43,https://y.qq.com/n/ryqq/songDetail/002vE7H93602Z8
532,Sparks Fly,Speak Now,4:20,https://y.qq.com/n/ryqq/songDetail/000z7hwX35SIw5
533,Stardrop Tears,Fragment of Eden,4:21,https://y.qq.com/n/ryqq/songDetail/002o1BpC0qgn4E
534,Stargazing,Breathing in the Moment,3:01,https://y.qq.com/n/ryqq/songDetail/003f9tog2jH8iz
535,Start a Fire,11:59 (Deluxe) [Explicit],3:19,https://y.qq.com/n/ryqq/songDetail/004GOMNY49oydd
536,Stitches,Handwritten (Deluxe),3:26,https://y.qq.com/n/ryqq/songDetail/004B0RaB3vJmI6
537,Stuttering (Album Version),Joy,3:09,https://y.qq.com/n/ryqq/songDetail/000d4aMe2NksJU
538,Such A Fool (Album Version),Believe,3:30,https://y.qq.com/n/ryqq/songDetail/002WxkPq3igNQW
539,Suisou No Buranko,Suisou No Buranko,2:26,https://y.qq.com/n/ryqq/songDetail/000qxPMy0FX6Sc
540,随心所欲Mercy,未知专辑,3:28,https://y.qq.com/n/ryqq/songDetail/001AdNUi0TiWcI
541,素颜,素颜,3:58,https://y.qq.com/n/ryqq/songDetail/004Gq0xE1YC8xp
542,他不懂,听！我们的歌,3:51,https://y.qq.com/n/ryqq/songDetail/002CtuAm1i0pI3
543,太陽と向日葵 (太阳与向日葵),太陽と向日葵 (太阳与向日葵),4:28,https://y.qq.com/n/ryqq/songDetail/001FFZvO26HzcR
544,Take Me Away,Take Me Away,3:37,https://y.qq.com/n/ryqq/songDetail/001qR40V3RNy7J
545,Take Me Hand,WONDER Tourism,4:19,https://y.qq.com/n/ryqq/songDetail/002PtoH04KOk2P
546,Take me hand,Take me hand,3:35,https://y.qq.com/n/ryqq/songDetail/003uhiXe4MZVae
547,叹云兮,叹云兮,4:43,https://y.qq.com/n/ryqq/songDetail/004FjJo32TISsY
548,桃源恋歌,G.R.N.D.,3:49,https://y.qq.com/n/ryqq/songDetail/004LGE2j1yIblb
549,踏破风的少年,踏破风的少年,4:13,https://y.qq.com/n/ryqq/songDetail/003aq0sQ3d1Jo9
550,踏雪,予·君,3:30,https://y.qq.com/n/ryqq/songDetail/003ylF5g4RhTSJ
551,That Girl,24 HRS (Deluxe),2:56,https://y.qq.com/n/ryqq/songDetail/004R2ZVY1Xt5oN
552,The Edge of the White Rock,Song of the Irish Whistle 2,4:51,https://y.qq.com/n/ryqq/songDetail/004Pl0ZX1jOTof
553,离开的一路上,半熟理想,4:14,https://y.qq.com/n/ryqq/songDetail/000o6wIc2XgNv1
554,Like A Star,UTOPIA,5:44,https://y.qq.com/n/ryqq/songDetail/001hVCqo4Zzu4R
555,淋雨一直走,有形的翅膀,3:24,https://y.qq.com/n/ryqq/songDetail/000jgeta4Havfd
556,六等星の夜 (六等星之夜),六等星の夜 / 悲しみはオーロラに / TWINKLE TWINKLE LITTLE STAR (六等星之夜 / 悲伤化作极光 / TWINKLE TWINKLE LITTLE STAR),5:37,https://y.qq.com/n/ryqq/songDetail/000GjGZr3R2Abd
557,流恋,新白发魔女传 电视剧原声带,4:05,https://y.qq.com/n/ryqq/songDetail/003XqMCQ4WCqVH
558,理想三旬,浓烟下的诗歌电台,3:30,https://y.qq.com/n/ryqq/songDetail/002Yzfab3R9lMM
559,Lost in Paradise (迷失在天堂),Finding Paradise,5:35,https://y.qq.com/n/ryqq/songDetail/002uZIdJ10hTlu
560,Love Is Gone (Remix),Love Is Gone,3:43,https://y.qq.com/n/ryqq/songDetail/003GKQjS4fb0VC
561,Love The Way You Lie (Explicit),Recovery (Explicit),4:23,https://y.qq.com/n/ryqq/songDetail/0026hpzS3nwh59
562,Love The Way You Lie (Part II),Loud (Japan Version) [Explicit],4:56,https://y.qq.com/n/ryqq/songDetail/003tOBHK3LrVn6
563,Love you like I do,Almost Famous,3:54,https://y.qq.com/n/ryqq/songDetail/002DB8TT10Vnow
564,轮回之境,弦上春雪,4:11,https://y.qq.com/n/ryqq/songDetail/001wl0By0P1oYH
565,落花,美人心计 电视剧原声带,3:26,https://y.qq.com/n/ryqq/songDetail/001xXhSJ3eF9V2
566,罗马假期,失业情歌,3:42,https://y.qq.com/n/ryqq/songDetail/002BRn6x3Ygf2X
567,庐州月,寻雾启示,4:15,https://y.qq.com/n/ryqq/songDetail/001LuLtP1LqITK
568,Maiochiruhanabira (Fallin' Flower),Seventeen Music Piano Collection,3:28,https://y.qq.com/n/ryqq/songDetail/001c5NES1yZkU4
569,美丽的神话,忘不了你,4:52,https://y.qq.com/n/ryqq/songDetail/001I6gzS3LufWy
570,美丽的神话,神话 电视剧原声带,5:25,https://y.qq.com/n/ryqq/songDetail/003fgLaa0Jbhku
571,没有如果,静茹 & 情歌 别再为他流泪,4:27,https://y.qq.com/n/ryqq/songDetail/001bef6o43zabi
572,梦的光点,Cyndi With U,3:51,https://y.qq.com/n/ryqq/songDetail/001SU8wX02axe6
573,梦返,梦返,4:41,https://y.qq.com/n/ryqq/songDetail/002uJsik1HQOYw
574,梦回还,狐妖小红娘 动画原声带,4:10,https://y.qq.com/n/ryqq/songDetail/0023CVP23SH17s
575,梦太晚,梦太晚,4:15,https://y.qq.com/n/ryqq/songDetail/00301vrC14cTmK
576,Mercy Mirror,Resist (Extended Deluxe),3:49,https://y.qq.com/n/ryqq/songDetail/0037zxyn32aNrV
577,明天过后,听！我们的歌,3:58,https://y.qq.com/n/ryqq/songDetail/004Eiwhc3TSX8E
578,命运,兰陵王 电视剧原声带,3:50,https://y.qq.com/n/ryqq/songDetail/000KOu5r16cFi5
579,MIRAI (未来),MIRAI (未来),5:42,https://y.qq.com/n/ryqq/songDetail/000QY3OT3H36KI
580,Missin' U,Missin'U,5:39,https://y.qq.com/n/ryqq/songDetail/003AH5dF3P8HEv
581,missing you,missing you,3:02,https://y.qq.com/n/ryqq/songDetail/002aRoDQ0MkPod
582,Mood (Lil Ghost Remix|Explicit),Mood (Lil Ghost Remix) [Explicit],3:17,https://y.qq.com/n/ryqq/songDetail/000DfsWV2zWb6l
583,Moon Halo,"Moon Halo (from ""Honkai Impact 3rd"")",3:22,https://y.qq.com/n/ryqq/songDetail/001O9R9W1ILVcs
584,Moon Halo,Moon Halo,3:24,https://y.qq.com/n/ryqq/songDetail/0046nZaJ2hN1xy
585,莫失莫忘,仙剑奇侠传 电视原创配乐,3:19,https://y.qq.com/n/ryqq/songDetail/0037skPJ27TaTo
586,模特,模特,5:06,https://y.qq.com/n/ryqq/songDetail/002FRBul05dgjC
587,莫问归期,莫问归期,3:39,https://y.qq.com/n/ryqq/songDetail/0019R76z1e6XRQ
588,暮春,季物语：春,2:53,https://y.qq.com/n/ryqq/songDetail/0036p6OB01jt7G
589,目及皆是你,目及皆是你,3:51,https://y.qq.com/n/ryqq/songDetail/00126fAV2ZKaOd
590,暮色回响,神啊可不可以让我感受一下,2:58,https://y.qq.com/n/ryqq/songDetail/003TjJPk1XR0yu
591,Music Box (Album Version|Explicit),Relapse: Refill (Explicit),5:04,https://y.qq.com/n/ryqq/songDetail/002dQGvc4Uc318
592,MY ALL,GUILTY (原罪),5:27,https://y.qq.com/n/ryqq/songDetail/000MVTIY46yuCl
593,My Cookie Can,Serving You,3:40,https://y.qq.com/n/ryqq/songDetail/00114qFc2fc81B
594,My Love,Coast To Coast (Expanded Edition),3:53,https://y.qq.com/n/ryqq/songDetail/001cuorY1VFcP1
595,My Song,Crow Song,4:53,https://y.qq.com/n/ryqq/songDetail/0019RsYE1cwXvP
596,My Soul (我的灵魂),Time,3:50,https://y.qq.com/n/ryqq/songDetail/0015xqSa3G50mK
597,"My Soul, Your Beats!","My Soul, Your Beats!/Brave Song",4:35,https://y.qq.com/n/ryqq/songDetail/003lUTWi4APlUs
598,"My Soul, Your Beats! (Gldemo ver.)",Keep The Beats!,4:44,https://y.qq.com/n/ryqq/songDetail/000p2ZMF3L4q4N
599,那就让眼泪落下,那就让眼泪落下,2:25,https://y.qq.com/n/ryqq/songDetail/004Bn0lO3Xvq8q
600,那么骄傲,那么骄傲,4:14,https://y.qq.com/n/ryqq/songDetail/0048rIbs0iQRRR
601,南山南,孤岛,5:25,https://y.qq.com/n/ryqq/songDetail/001abixR3f8L59
602,难以抗拒你的容颜,张信哲选哲情歌二十载,3:57,https://y.qq.com/n/ryqq/songDetail/004drM2B1hIyCW
603,闹啥子嘛闹 (Live),2015湖南卫视跨年演唱会,4:37,https://y.qq.com/n/ryqq/songDetail/003werk00X8me6
604,那时雨,那时雨,3:34,https://y.qq.com/n/ryqq/songDetail/0013aGOv4ZNeXI
605,那一天从梦中醒来,那一天从梦中醒来,3:45,https://y.qq.com/n/ryqq/songDetail/001qqz9R2YO0rj
606,Next World,Next World,3:09,https://y.qq.com/n/ryqq/songDetail/003BLQXo1AOsRe
607,年少有为,耳朵,4:39,https://y.qq.com/n/ryqq/songDetail/004DXFlC0nsTCZ
608,你曾是少年,你曾是少年,4:26,https://y.qq.com/n/ryqq/songDetail/000yIGC14RGJ0I
609,Night Changes,FOUR,3:46,https://y.qq.com/n/ryqq/songDetail/001gYwne06kwY8
610,ninelie,ナインリィイーピー,4:20,https://y.qq.com/n/ryqq/songDetail/002tXCu72qRNWC
611,宁愿,宁愿,3:50,https://y.qq.com/n/ryqq/songDetail/001RqwuI2wx3vk
612,逆态度,逆战 游戏原声带,3:54,https://y.qq.com/n/ryqq/songDetail/0021P2KP3FSpB3
613,逆战,听！我们的歌,3:50,https://y.qq.com/n/ryqq/songDetail/004JXsYP16vTDP
614,逆さまの蝶 (逆转之蝶),逆さまの蝶 (Sakasakano Cho),4:33,https://y.qq.com/n/ryqq/songDetail/001QSETS0Wukp2
615,No Big Deal (Album Version),A Wonderful Life,3:57,https://y.qq.com/n/ryqq/songDetail/0010rodV3nhNSL
616,No Reason (Explicit),More Reefer More Madness (Explicit),3:38,https://y.qq.com/n/ryqq/songDetail/000NZ6zV1haK1q
617,Nobody's Home,Under My Skin,3:32,https://y.qq.com/n/ryqq/songDetail/003A1Gke3n6tpG
618,Nothing In The World,Ladies Night,3:58,https://y.qq.com/n/ryqq/songDetail/000Tgv0k28r9u2
619,Now That You're Gone,Young & Restless,3:42,https://y.qq.com/n/ryqq/songDetail/004dME2l2RvRZL
620,Numb,Meteora (Bonus Edition),3:07,https://y.qq.com/n/ryqq/songDetail/002nrqyW0p5LDT
621,挪威的森林,爱情的尽头,6:31,https://y.qq.com/n/ryqq/songDetail/000KNvtW2RZsdC
622,One -epilogue-,Sun Dance,4:03,https://y.qq.com/n/ryqq/songDetail/004SwcFq0jxXxZ
623,only my railgun,the very best of fripSide 2009-2020,4:14,https://y.qq.com/n/ryqq/songDetail/002io2cy3cYxzH
624,Out Of My Hands,The Secret,3:29,https://y.qq.com/n/ryqq/songDetail/002eCTqv3WN2eK
625,彷徨える空 (彷徨之空),Point.,4:05,https://y.qq.com/n/ryqq/songDetail/002TXm2c0OA7is
626,Payphone,Payphone,3:51,https://y.qq.com/n/ryqq/songDetail/002JHPWO1FdCVQ
627,陪我长大,陪我长大,3:56,https://y.qq.com/n/ryqq/songDetail/002tddiF2Bsv7s
628,Pendulum,Pendulum,3:59,https://y.qq.com/n/ryqq/songDetail/002JepRq0MG1fa
629,Perfect The Way You Are,Worlds Collide,3:44,https://y.qq.com/n/ryqq/songDetail/0002mkFQ4Zc387
630,偏爱,破天荒,3:32,https://y.qq.com/n/ryqq/songDetail/003Ho2cO2RXwUc
631,偏爱,爱情部落格 情歌精选辑,3:32,https://y.qq.com/n/ryqq/songDetail/003vYIL32Ytasv
632,偏爱 (钢琴版),偏爱 (钢琴版),3:36,https://y.qq.com/n/ryqq/songDetail/003LsGIO3Yj8VX
633,骗子,骗子,3:33,https://y.qq.com/n/ryqq/songDetail/003BbzZQ03n0rH
634,平凡之路,猎户星座,5:01,https://y.qq.com/n/ryqq/songDetail/000T1Ws32MWrUj
635,Plus de sens,Nonante-Cinq,3:29,https://y.qq.com/n/ryqq/songDetail/002qCswl3JbkxE
636,Prover,eyes,4:01,https://y.qq.com/n/ryqq/songDetail/0031G8Te2y40Ez
637,Pt. 2 (Explicit),The Life Of Pablo (Explicit),2:10,https://y.qq.com/n/ryqq/songDetail/002ddeDH23nyNj
638,Pull Me In Again,Brittany Underwood EP,3:32,https://y.qq.com/n/ryqq/songDetail/004EMYtx1RCviz
639,千年幻想郷（東方永夜抄）四重奏-Quartet- (千年幻想乡),東方四重奏 Full Moon (永夜抄 String Quartet),4:07,https://y.qq.com/n/ryqq/songDetail/002gNkRA40KuV3
640,千年泪,天外飞仙 电视原声带,4:20,https://y.qq.com/n/ryqq/songDetail/000pSaox3e7R2P
641,牵丝戏,牵丝戏,3:59,https://y.qq.com/n/ryqq/songDetail/001e7VNQ43nv4W
642,千と千尋の神隠し:いつも何度でも (千与千寻：永远同在),the ジブリ set,5:10,https://y.qq.com/n/ryqq/songDetail/001S7Xro3nsGOv
643,桥边姑娘,桥边姑娘,3:03,https://y.qq.com/n/ryqq/songDetail/001zLvbN1NYMuv
644,起风了,起风了,5:11,https://y.qq.com/n/ryqq/songDetail/002w57E00BGzXn
645,奇迹再现,迪迦奥特曼,3:56,https://y.qq.com/n/ryqq/songDetail/002YPtce1yOIBO
646,七秒钟的记忆,北京巷弄,3:23,https://y.qq.com/n/ryqq/songDetail/003o0Acd4PWz2j
647,青春コンプレックス (青春症候群),青春コンプレックス,3:25,https://y.qq.com/n/ryqq/songDetail/002twKXV46cPL5
648,青花,蓝色土耳其,4:57,https://y.qq.com/n/ryqq/songDetail/002MFDAV3rPFlo
649,青花瓷,我很忙,3:59,https://y.qq.com/n/ryqq/songDetail/002qU5aY3Qu24y
650,情人劫,情人劫,3:15,https://y.qq.com/n/ryqq/songDetail/001yauwa38w0XS
651,晴天,叶惠美,4:29,https://y.qq.com/n/ryqq/songDetail/0039MnYb0qxYhV
